<?xml version="1.0" encoding="utf-8"?>
<resources>
    <color name="colorPrimary">#217d33</color>
    <color name="colorPrimaryDark">#303F9F</color>
    <color name="colorAccent">#2bae56</color>
    <color name="primary_material_light_1">#406e84</color>
    <color name="background_material_light_1">#d6d6d9</color>
    <color name="primary_dark_material_light">#cfcfd1</color>
    <color name="primary_material_light">#538655</color>
    <color name="accent_material_light">#538655</color>
</resources>
